{"reviver":"@kkitahara/qc-tools:Quasicrystal","version":"experimental","dim":2,"aParCartn":{"reviver":"Matrix","version":"2.0.0","data":[2.5,4.045084971874737],"nRow":1,"nCol":2},"aPerpCartnNoPhason":{"reviver":"Matrix","version":"2.0.0","data":[-4.045084971874737,2.5],"nRow":1,"nCol":2},"originFract":{"reviver":"Matrix","version":"2.0.0","data":[0,0],"nRow":0,"nCol":0},"phasonMatrix":{"reviver":"Matrix","version":"2.0.0","data":[0],"nRow":1,"nCol":1},"ssgFractNoPhason":[[[1,0,0,1],[0,0]],[[-1,0,0,-1],[0,0]]],"atomType":[{"symbol":"Al","scatCromerMannCoeffs":[6.4202,3.0387,1.9002,0.7426,1.5936,31.5472,1.9646,85.0886,1.1151],"scatHiAngFoxCoeffs":[0.67975,-0.08756,-0.95431,0.72294]}],"atomSite":[{"label":"Al1","posFract":[0,0]}],"atomicSurface":[{"label":"Al1a","atomTypeSymbol":"Al","occupancy":1,"adTensorBeta":{"reviver":"Matrix","version":"2.0.0","data":[0.001206353096224187,0.0019519203121244073,0.0019519203121244073,0.003158273408348595],"nRow":2,"nCol":2},"occDomainAsym":{"atomSiteLabel":"Al1","polytopeJSON":"{\"reviver\":\"Polytope\",\"version\":\"1.1.4\",\"nvecs\":[{\"reviver\":\"Matrix\",\"version\":\"2.0.0\",\"data\":[1],\"nRow\":0,\"nCol\":0}],\"convexPolytopes\":[{\"facets\":[[0,3.2725424859373686,true,[1]],[0,0,false,[0]]],\"vertices\":[{\"reviver\":\"Matrix\",\"version\":\"2.0.0\",\"data\":[0],\"nRow\":0,\"nCol\":0},{\"reviver\":\"Matrix\",\"version\":\"2.0.0\",\"data\":[3.272542485937379],\"nRow\":0,\"nCol\":0}],\"edges\":[[1,0]],\"weight\":true}]}"}}]}
